city_name
朝倉郡筑前町
朝倉郡東峰村
朝倉市
飯塚市
糸島市
うきは市
大川市
大野城市
小郡市
遠賀郡芦屋町
遠賀郡岡垣町
遠賀郡遠賀町
遠賀郡水巻町
春日市
糟屋郡宇美町
糟屋郡粕屋町
糟屋郡篠栗町
糟屋郡志免町
糟屋郡新宮町
糟屋郡須恵町
糟屋郡久山町
嘉穂郡桂川町
嘉麻市
北九州市
鞍手郡鞍手町
鞍手郡小竹町
久留米市
古賀市
田川郡赤村
田川郡糸田町
田川郡大任町
田川郡川崎町
田川郡香春町
田川郡添田町
田川郡福智町
田川市
太宰府市
筑後市
筑紫野市
那珂川市
中間市
直方市
福岡市
福津市
三潴郡大木町
三井郡大刀洗町
京都郡苅田町
京都郡みやこ町
宮若市
宗像市
八女郡広川町
八女市
行橋市
伊万里市
嬉野市
小城市
鹿島市
唐津市
神崎郡吉野ヶ里町
神埼市
杵島郡大町町
杵島郡江北町
杵島郡白石町
佐賀市
多久市
武雄市
鳥栖市
西松浦郡有田町
東松浦郡玄海町
藤津郡太良町
三養基郡上峰町
三養基郡基山町
三養基郡みやき町
宇佐市
臼杵市
大分市
杵築市
玖珠郡玖珠町
玖珠郡九重町
国東市
佐伯市
竹田市
津久見市
中津市
速見郡日出町
日田市（一部商品のみ）
豊後大野市
豊後高田市
別府市
由布市
佐世保市
北松浦郡佐々町
葦北郡芦北町
葦北郡津奈木町
阿蘇郡産山村
阿蘇郡小国町
阿蘇郡高森町
阿蘇郡西原村
阿蘇郡南阿蘇村
阿蘇郡南小国町
阿蘇市
天草郡苓北町
天草市
荒尾市
宇城市
宇土市
上天草市
上益城郡嘉島町
上益城郡甲佐町
上益城郡益城町
上益城郡御船町
上益城郡山都町
菊池郡大津町
菊池郡
菊陽町
菊池市
球磨郡あさぎり町
球磨郡五木村
球磨郡球磨村
球磨郡相良村
球磨郡多良木町
球磨郡錦町
球磨郡水上村
球磨郡山江村
球磨郡湯前町
熊本市
合志市
下益城郡美里町
玉名郡玉東町
玉名郡長洲町
玉名郡和水町
玉名郡南関町
玉名市
人吉市
水俣市
八代郡氷川町
八代市
山鹿市
山口県
下関市
姶良郡湧水町
姶良市
阿久根市
伊佐市
出水市
いちき串木野市
指宿市
鹿児島市
鹿屋市
肝属郡肝付町
肝属郡錦江町
肝属郡東串良町
肝属郡南大隅町
霧島市
薩摩郡さつま町
薩摩川内市
志布志市
曽於郡大崎町
曽於市
垂水市
日置市
枕崎市
南九州市
南さつま市
